{"IcoMoonType":"selection","icons":[{"icon":{"paths":["M621.2 466.8c25 25 25 65.6 0 90.6l-384 384c-25 25-65.6 25-90.6 0s-25-65.6 0-90.6l338.8-338.8-338.6-338.8c-25-25-25-65.6 0-90.6s65.6-25 90.6 0l384 384z"],"attrs":[{}],"width":640,"isMulticolor":false,"isMulticolor2":false,"grid":0,"tags":["chevron-right-solid"]},"attrs":[{}],"properties":{"order":3,"id":1,"name":"chevron-right-solid","prevSize":32,"code":59648},"setIdx":0,"setId":2,"iconIdx":0},{"icon":{"paths":["M18.8 466.8c-25 25-25 65.6 0 90.6l384 384c25 25 65.6 25 90.6 0s25-65.6 0-90.6l-338.8-338.8 338.6-338.8c25-25 25-65.6 0-90.6s-65.6-25-90.6 0l-384 384z"],"attrs":[{}],"width":640,"isMulticolor":false,"isMulticolor2":false,"grid":0,"tags":["chevron-left-solid"]},"attrs":[{}],"properties":{"order":4,"id":0,"name":"chevron-left-solid","prevSize":32,"code":59649},"setIdx":0,"setId":2,"iconIdx":1}],"height":1024,"metadata":{"name":"icomoon"},"preferences":{"showGlyphs":true,"showQuickUse":true,"showQuickUse2":true,"showSVGs":true,"fontPref":{"prefix":"icon-","metadata":{"fontFamily":"icomoon"},"metrics":{"emSize":1024,"baseline":6.25,"whitespace":50},"embed":false},"imagePref":{"prefix":"icon-","png":true,"useClassSelector":true,"color":0,"bgColor":16777215,"classSelector":".icon"},"historySize":50,"showCodes":true,"gridSize":16}}